"#OTU ID","domain","phylum","class","order","family","genus","species"
"ASV_1","Bacteria","Bacteroidetes","Bacteroidia","Bacteroidales","Bacteroidaceae","Bacteroides","Unknown"
"ASV_2","Bacteria","Bacteroidetes","Bacteroidia","Bacteroidales","Bacteroidaceae","Bacteroides","uniformis"
"ASV_3","Bacteria","Firmicutes","Clostridia","Clostridiales","Lachnospiraceae","Clostridium","hathewayi"
"ASV_4","Bacteria","Bacteroidetes","Bacteroidia","Bacteroidales","Bacteroidaceae","Bacteroides","Unknown"
"ASV_5","Bacteria","Bacteroidetes","Bacteroidia","Bacteroidales","Bacteroidaceae","Bacteroides","Unknown"
"ASV_6","Bacteria","Bacteroidetes","Bacteroidia","Bacteroidales","Bacteroidaceae","Bacteroides","Unknown"
"ASV_7","Bacteria","Bacteroidetes","Bacteroidia","Bacteroidales","Bacteroidaceae","Bacteroides","Unknown"
"ASV_8","Bacteria","Firmicutes","Clostridia","Clostridiales","Lachnospiraceae","Clostridium","Unknown"
"ASV_9","Bacteria","Bacteroidetes","Bacteroidia","Bacteroidales","Bacteroidaceae","Bacteroides","uniformis"
"ASV_10","Bacteria","Bacteroidetes","Bacteroidia","Bacteroidales","[Paraprevotellaceae]","Paraprevotella","Unknown"
"ASV_11","Bacteria","Bacteroidetes","Bacteroidia","Bacteroidales","Porphyromonadaceae","Parabacteroides","distasonis"
"ASV_12","Bacteria","Bacteroidetes","Bacteroidia","Bacteroidales","Porphyromonadaceae","Parabacteroides","Unknown"
"ASV_13","Bacteria","Proteobacteria","Gammaproteobacteria","Enterobacteriales","Enterobacteriaceae","Escherichia","coli"
"ASV_14","Bacteria","Firmicutes","Clostridia","Clostridiales","Unknown","Unknown","Unknown"
"ASV_15","Bacteria","Bacteroidetes","Bacteroidia","Bacteroidales","Bacteroidaceae","Bacteroides","caccae"
"ASV_16","Bacteria","Verrucomicrobia","Verrucomicrobiae","Verrucomicrobiales","Verrucomicrobiaceae","Akkermansia","muciniphila"
"ASV_17","Bacteria","Bacteroidetes","Bacteroidia","Bacteroidales","Bacteroidaceae","Bacteroides","Unknown"
"ASV_18","Bacteria","Firmicutes","Clostridia","Clostridiales","Lachnospiraceae","Blautia","Unknown"
"ASV_19","Bacteria","Bacteroidetes","Bacteroidia","Bacteroidales","Bacteroidaceae","Bacteroides","ovatus"
"ASV_20","Bacteria","Bacteroidetes","Bacteroidia","Bacteroidales","Rikenellaceae","Alistipes","putredinis"
"ASV_21","Bacteria","Firmicutes","Clostridia","Clostridiales","Lachnospiraceae","Unknown","Unknown"
"ASV_22","Bacteria","Firmicutes","Clostridia","Clostridiales","Lachnospiraceae","Clostridium","symbiosum"
"ASV_23","Bacteria","Firmicutes","Clostridia","Clostridiales","Lachnospiraceae","Blautia","producta"
"ASV_24","Bacteria","Bacteroidetes","Bacteroidia","Bacteroidales","[Odoribacteraceae]","Butyricimonas","Unknown"
"ASV_25","Bacteria","Bacteroidetes","Bacteroidia","Bacteroidales","Rikenellaceae","Alistipes","finegoldii"
"ASV_26","Bacteria","Firmicutes","Erysipelotrichi","Erysipelotrichales","Erysipelotrichaceae","Unknown","Unknown"
"ASV_27","Bacteria","Actinobacteria","Coriobacteriia","Coriobacteriales","Coriobacteriaceae","Unknown","Unknown"
"ASV_28","Bacteria","Bacteroidetes","Bacteroidia","Bacteroidales","Porphyromonadaceae","Parabacteroides","Unknown"
"ASV_29","Bacteria","Bacteroidetes","Bacteroidia","Bacteroidales","Rikenellaceae","Unknown","Unknown"
"ASV_30","Bacteria","Firmicutes","Clostridia","Clostridiales","Lachnospiraceae","Coprococcus","eutactus"
"ASV_31","Bacteria","Firmicutes","Clostridia","Clostridiales","Ruminococcaceae","Oscillospira","Unknown"
"ASV_32","Bacteria","Bacteroidetes","Bacteroidia","Bacteroidales","[Barnesiellaceae]","Unknown","Unknown"
"ASV_33","Bacteria","Firmicutes","Clostridia","Clostridiales","Lachnospiraceae","Unknown","Unknown"
"ASV_34","Bacteria","Firmicutes","Clostridia","Clostridiales","Ruminococcaceae","Ruminococcus","bromii"
"ASV_35","Bacteria","Firmicutes","Erysipelotrichi","Erysipelotrichales","Erysipelotrichaceae","Coprobacillus","cateniformis"
"ASV_36","Bacteria","Firmicutes","Clostridia","Clostridiales","Lachnospiraceae","Blautia","Unknown"
"ASV_37","Bacteria","Firmicutes","Clostridia","Clostridiales","Lachnospiraceae","Blautia","Unknown"
"ASV_38","Bacteria","Firmicutes","Clostridia","Clostridiales","Lachnospiraceae","[Ruminococcus]","gnavus"
"ASV_39","Bacteria","Firmicutes","Clostridia","Clostridiales","Ruminococcaceae","Unknown","Unknown"
"ASV_40","Bacteria","Firmicutes","Clostridia","Clostridiales","Clostridiaceae","Clostridium","Unknown"
"ASV_41","Bacteria","Bacteroidetes","Bacteroidia","Bacteroidales","Porphyromonadaceae","Parabacteroides","Unknown"
"ASV_42","Bacteria","Firmicutes","Clostridia","Clostridiales","Lachnospiraceae","Blautia","Unknown"
"ASV_43","Bacteria","Firmicutes","Clostridia","Clostridiales","Ruminococcaceae","Faecalibacterium","prausnitzii"
"ASV_44","Bacteria","Firmicutes","Clostridia","Clostridiales","Lachnospiraceae","Clostridium","lavalense"
"ASV_45","Bacteria","Firmicutes","Erysipelotrichi","Erysipelotrichales","Erysipelotrichaceae","Holdemania","Unknown"
"ASV_46","Bacteria","Firmicutes","Clostridia","Clostridiales","Ruminococcaceae","Unknown","Unknown"
"ASV_47","Bacteria","Firmicutes","Clostridia","Clostridiales","Ruminococcaceae","Unknown","Unknown"
"ASV_48","Bacteria","Firmicutes","Clostridia","Clostridiales","Ruminococcaceae","Gemmiger","formicilis"
"ASV_49","Bacteria","Bacteroidetes","Bacteroidia","Bacteroidales","[Odoribacteraceae]","Butyricimonas","Unknown"
"ASV_50","Bacteria","Firmicutes","Clostridia","Clostridiales","Lachnospiraceae","Blautia","Unknown"
"ASV_51","Bacteria","Proteobacteria","Betaproteobacteria","Burkholderiales","Alcaligenaceae","Sutterella","Unknown"
"ASV_52","Bacteria","Bacteroidetes","Bacteroidia","Bacteroidales","Bacteroidaceae","Bacteroides","Unknown"
"ASV_53","Bacteria","Firmicutes","Clostridia","Clostridiales","Lachnospiraceae","Unknown","Unknown"
"ASV_54","Bacteria","Bacteroidetes","Bacteroidia","Bacteroidales","[Odoribacteraceae]","Butyricimonas","Unknown"
"ASV_55","Bacteria","Firmicutes","Clostridia","Clostridiales","Ruminococcaceae","Ruminococcus","Unknown"
"ASV_56","Bacteria","Firmicutes","Clostridia","Clostridiales","Ruminococcaceae","Unknown","Unknown"
"ASV_57","Bacteria","Firmicutes","Clostridia","Clostridiales","Peptostreptococcaceae","Unknown","Unknown"
"ASV_58","Bacteria","Firmicutes","Clostridia","Clostridiales","Lachnospiraceae","Unknown","Unknown"
"ASV_59","Bacteria","Firmicutes","Clostridia","Clostridiales","Ruminococcaceae","Ruminococcus","Unknown"
"ASV_60","Bacteria","Firmicutes","Clostridia","Clostridiales","Ruminococcaceae","Gemmiger","formicilis"
"ASV_61","Bacteria","Firmicutes","Clostridia","Clostridiales","Lachnospiraceae","[Ruminococcus]","torques"
"ASV_62","Bacteria","Firmicutes","Bacilli","Lactobacillales","Enterococcaceae","Enterococcus","haemoperoxidus"
"ASV_63","Bacteria","Firmicutes","Clostridia","Clostridiales","Lachnospiraceae","Coprococcus","Unknown"
"ASV_64","Bacteria","Firmicutes","Clostridia","Clostridiales","Lachnospiraceae","Roseburia","Unknown"
"ASV_65","Bacteria","Firmicutes","Clostridia","Clostridiales","Lachnospiraceae","Unknown","Unknown"
"ASV_66","Bacteria","Firmicutes","Clostridia","Clostridiales","Lachnospiraceae","Coprococcus","Unknown"
"ASV_67","Bacteria","Firmicutes","Clostridia","Clostridiales","Ruminococcaceae","Oscillospira","Unknown"
"ASV_68","Bacteria","Firmicutes","Clostridia","Clostridiales","Lachnospiraceae","Unknown","Unknown"
"ASV_69","Bacteria","Firmicutes","Clostridia","Clostridiales","Ruminococcaceae","Oscillospira","Unknown"
"ASV_70","Bacteria","Firmicutes","Clostridia","Clostridiales","Lachnospiraceae","Unknown","Unknown"
"ASV_71","Bacteria","Firmicutes","Clostridia","Clostridiales","Ruminococcaceae","Unknown","Unknown"
"ASV_72","Bacteria","Bacteroidetes","Bacteroidia","Bacteroidales","Bacteroidaceae","Bacteroides","ovatus"
"ASV_73","Bacteria","Firmicutes","Clostridia","Clostridiales","Ruminococcaceae","Faecalibacterium","prausnitzii"
"ASV_74","Bacteria","Firmicutes","Clostridia","Clostridiales","Lachnospiraceae","Blautia","Unknown"
"ASV_75","Bacteria","Firmicutes","Erysipelotrichi","Erysipelotrichales","Erysipelotrichaceae","[Eubacterium]","Unknown"
"ASV_76","Bacteria","Firmicutes","Clostridia","Clostridiales","Lachnospiraceae","Unknown","Unknown"
"ASV_77","Bacteria","Bacteroidetes","Bacteroidia","Bacteroidales","Bacteroidaceae","Bacteroides","ovatus"
"ASV_78","Bacteria","Firmicutes","Clostridia","Clostridiales","Lachnospiraceae","[Ruminococcus]","Unknown"
"ASV_79","Bacteria","Firmicutes","Clostridia","Clostridiales","Lachnospiraceae","[Ruminococcus]","Unknown"
"ASV_80","Bacteria","Firmicutes","Erysipelotrichi","Erysipelotrichales","Erysipelotrichaceae","[Eubacterium]","biforme"
"ASV_81","Bacteria","Proteobacteria","Betaproteobacteria","Burkholderiales","Alcaligenaceae","Sutterella","Unknown"
"ASV_82","Bacteria","Firmicutes","Bacilli","Turicibacterales","Turicibacteraceae","Turicibacter","Unknown"
"ASV_83","Bacteria","Firmicutes","Clostridia","Clostridiales","Eubacteriaceae","Pseudoramibacter_Eubacterium","Unknown"
"ASV_84","Bacteria","Bacteroidetes","Bacteroidia","Bacteroidales","[Barnesiellaceae]","Unknown","Unknown"
"ASV_85","Bacteria","Proteobacteria","Deltaproteobacteria","Desulfovibrionales","Desulfovibrionaceae","Unknown","Unknown"
"ASV_86","Bacteria","Firmicutes","Clostridia","Clostridiales","Ruminococcaceae","Ruminococcus","Unknown"
"ASV_87","Bacteria","Firmicutes","Erysipelotrichi","Erysipelotrichales","Erysipelotrichaceae","[Eubacterium]","dolichum"
"ASV_88","Bacteria","Firmicutes","Erysipelotrichi","Erysipelotrichales","Erysipelotrichaceae","[Eubacterium]","dolichum"
"ASV_89","Bacteria","Firmicutes","Clostridia","Clostridiales","Ruminococcaceae","Unknown","Unknown"
"ASV_90","Bacteria","Firmicutes","Clostridia","Clostridiales","[Mogibacteriaceae]","Unknown","Unknown"
"ASV_91","Bacteria","Firmicutes","Clostridia","Clostridiales","Ruminococcaceae","Unknown","Unknown"
"ASV_92","Bacteria","Proteobacteria","Betaproteobacteria","Burkholderiales","Alcaligenaceae","Sutterella","Unknown"
"ASV_93","Bacteria","Actinobacteria","Actinobacteria","Bifidobacteriales","Bifidobacteriaceae","Bifidobacterium","adolescentis"
"ASV_94","Bacteria","Firmicutes","Clostridia","Clostridiales","Lachnospiraceae","Coprococcus","Unknown"
"ASV_95","Bacteria","Firmicutes","Clostridia","Clostridiales","Lachnospiraceae","Unknown","Unknown"
"ASV_96","Bacteria","Firmicutes","Clostridia","Clostridiales","Unknown","Unknown","Unknown"
"ASV_97","Bacteria","Bacteroidetes","Bacteroidia","Bacteroidales","[Paraprevotellaceae]","Paraprevotella","Unknown"
"ASV_98","Bacteria","Firmicutes","Clostridia","Clostridiales","Lachnospiraceae","Dorea","Unknown"
"ASV_99","Bacteria","Firmicutes","Clostridia","Clostridiales","Ruminococcaceae","Ruminococcus","Unknown"
"ASV_100","Bacteria","Firmicutes","Clostridia","Clostridiales","Lachnospiraceae","Dorea","Unknown"
"ASV_101","Bacteria","Firmicutes","Clostridia","Clostridiales","Lachnospiraceae","Dorea","Unknown"
"ASV_102","Bacteria","Unknown","Unknown","Unknown","Unknown","Unknown","Unknown"
"ASV_103","Bacteria","Firmicutes","Clostridia","Clostridiales","Lachnospiraceae","Clostridium","hathewayi"
"ASV_104","Bacteria","Firmicutes","Clostridia","Clostridiales","Ruminococcaceae","Oscillospira","Unknown"
"ASV_105","Bacteria","Firmicutes","Clostridia","Clostridiales","Ruminococcaceae","Oscillospira","Unknown"
"ASV_106","Bacteria","Firmicutes","Clostridia","Clostridiales","Ruminococcaceae","Ruminococcus","Unknown"
"ASV_107","Bacteria","Firmicutes","Erysipelotrichi","Erysipelotrichales","Erysipelotrichaceae","Bulleidia","p-1630-c5"
"ASV_108","Bacteria","Firmicutes","Clostridia","Clostridiales","Ruminococcaceae","Unknown","Unknown"
"ASV_109","Bacteria","Firmicutes","Clostridia","Clostridiales","Unknown","Unknown","Unknown"
"ASV_110","Bacteria","Firmicutes","Clostridia","Clostridiales","Ruminococcaceae","Unknown","Unknown"
"ASV_111","Bacteria","Firmicutes","Clostridia","Clostridiales","Lachnospiraceae","Unknown","Unknown"
"ASV_112","Bacteria","Firmicutes","Clostridia","Clostridiales","Peptococcaceae","rc4-4","Unknown"
"ASV_113","Bacteria","Firmicutes","Clostridia","Clostridiales","Lachnospiraceae","Unknown","Unknown"
"ASV_114","Bacteria","Firmicutes","Clostridia","Clostridiales","Ruminococcaceae","Oscillospira","Unknown"
"ASV_115","Bacteria","Proteobacteria","Deltaproteobacteria","Desulfovibrionales","Desulfovibrionaceae","Unknown","Unknown"
"ASV_116","Bacteria","Firmicutes","Clostridia","Clostridiales","Ruminococcaceae","Ruminococcus","Unknown"
"ASV_117","Bacteria","Firmicutes","Clostridia","Clostridiales","Ruminococcaceae","Ruminococcus","Unknown"
"ASV_118","Bacteria","Bacteroidetes","Bacteroidia","Bacteroidales","S24-7","Unknown","Unknown"
"ASV_119","Bacteria","Verrucomicrobia","Verrucomicrobiae","Verrucomicrobiales","Verrucomicrobiaceae","Akkermansia","muciniphila"
"ASV_120","Bacteria","Proteobacteria","Alphaproteobacteria","Rhizobiales","Bartonellaceae","Unknown","Unknown"
"ASV_121","Bacteria","Firmicutes","Clostridia","Clostridiales","Lachnospiraceae","Anaerostipes","Unknown"
"ASV_122","Bacteria","Firmicutes","Erysipelotrichi","Erysipelotrichales","Erysipelotrichaceae","[Eubacterium]","biforme"
"ASV_123","Bacteria","Bacteroidetes","Bacteroidia","Bacteroidales","S24-7","Unknown","Unknown"
"ASV_124","Bacteria","Proteobacteria","Betaproteobacteria","Rhodocyclales","Rhodocyclaceae","Unknown","Unknown"
"ASV_125","Bacteria","Firmicutes","Clostridia","Clostridiales","Ruminococcaceae","Ruminococcus","Unknown"
"ASV_126","Bacteria","Proteobacteria","Gammaproteobacteria","Pseudomonadales","Moraxellaceae","Acinetobacter","guillouiae"
"ASV_127","Bacteria","Firmicutes","Clostridia","Clostridiales","Ruminococcaceae","Unknown","Unknown"
"ASV_128","Bacteria","Firmicutes","Clostridia","Clostridiales","Lachnospiraceae","Dorea","Unknown"
"ASV_129","Bacteria","Firmicutes","Clostridia","Clostridiales","Unknown","Unknown","Unknown"
"ASV_130","Bacteria","Proteobacteria","Gammaproteobacteria","Enterobacteriales","Enterobacteriaceae","Klebsiella","Unknown"
"ASV_131","Bacteria","Firmicutes","Clostridia","Clostridiales","Lachnospiraceae","Unknown","Unknown"
"ASV_132","Bacteria","Firmicutes","Clostridia","Clostridiales","Lachnospiraceae","Lachnospira","Unknown"
"ASV_133","Bacteria","Actinobacteria","Coriobacteriia","Coriobacteriales","Coriobacteriaceae","Collinsella","aerofaciens"
"ASV_134","Bacteria","Proteobacteria","Gammaproteobacteria","Pseudomonadales","Moraxellaceae","Acinetobacter","johnsonii"
"ASV_135","Bacteria","Firmicutes","Clostridia","Clostridiales","Unknown","Unknown","Unknown"
"ASV_136","Bacteria","Firmicutes","Clostridia","Clostridiales","Christensenellaceae","Christensenella","Unknown"
"ASV_137","Bacteria","Actinobacteria","Coriobacteriia","Coriobacteriales","Coriobacteriaceae","Unknown","Unknown"
"ASV_138","Bacteria","Bacteroidetes","Bacteroidia","Bacteroidales","S24-7","Unknown","Unknown"
"ASV_139","Bacteria","Firmicutes","Clostridia","Clostridiales","Ruminococcaceae","Unknown","Unknown"
"ASV_140","Bacteria","Firmicutes","Erysipelotrichi","Erysipelotrichales","Erysipelotrichaceae","Holdemania","Unknown"
"ASV_141","Bacteria","Tenericutes","Mollicutes","Entomoplasmatales","Unknown","Unknown","Unknown"
"ASV_142","Bacteria","Bacteroidetes","Flavobacteriia","Flavobacteriales","[Weeksellaceae]","Cloacibacterium","Unknown"
"ASV_143","Bacteria","Bacteroidetes","Bacteroidia","Bacteroidales","Rikenellaceae","Unknown","Unknown"
"ASV_144","Bacteria","Firmicutes","Clostridia","Clostridiales","Lachnospiraceae","[Ruminococcus]","gnavus"
"ASV_145","Bacteria","Proteobacteria","Betaproteobacteria","Burkholderiales","Comamonadaceae","Acidovorax","defluvii"
"ASV_146","Bacteria","Firmicutes","Erysipelotrichi","Erysipelotrichales","Erysipelotrichaceae","Clostridium","ramosum"
"ASV_147","Bacteria","Firmicutes","Clostridia","Clostridiales","Lachnospiraceae","Blautia","Unknown"
"ASV_148","Bacteria","Firmicutes","Clostridia","Clostridiales","Ruminococcaceae","Oscillospira","Unknown"
"ASV_149","Bacteria","Firmicutes","Clostridia","Clostridiales","Ruminococcaceae","Ruminococcus","Unknown"
"ASV_150","Bacteria","Firmicutes","Clostridia","Clostridiales","Ruminococcaceae","Faecalibacterium","prausnitzii"
"ASV_151","Bacteria","Firmicutes","Erysipelotrichi","Erysipelotrichales","Erysipelotrichaceae","[Eubacterium]","dolichum"
"ASV_152","Bacteria","Bacteroidetes","Bacteroidia","Bacteroidales","S24-7","Unknown","Unknown"
"ASV_153","Bacteria","Firmicutes","Bacilli","Bacillales","Listeriaceae","Brochothrix","Unknown"
"ASV_154","Bacteria","Firmicutes","Clostridia","Clostridiales","[Mogibacteriaceae]","Mogibacterium","Unknown"
"ASV_155","Bacteria","Firmicutes","Clostridia","Clostridiales","Ruminococcaceae","Unknown","Unknown"
"ASV_156","Bacteria","Firmicutes","Bacilli","Bacillales","Paenibacillaceae","Paenibacillus","Unknown"
"ASV_157","Bacteria","Firmicutes","Clostridia","Clostridiales","Ruminococcaceae","Ruminococcus","Unknown"
"ASV_158","Bacteria","Firmicutes","Clostridia","Clostridiales","Lachnospiraceae","Lachnospira","Unknown"
"ASV_159","Bacteria","Firmicutes","Clostridia","Clostridiales","Ruminococcaceae","Ruminococcus","Unknown"
"ASV_160","Bacteria","Actinobacteria","Coriobacteriia","Coriobacteriales","Coriobacteriaceae","Unknown","Unknown"
"ASV_161","Bacteria","Firmicutes","Clostridia","Clostridiales","Unknown","Unknown","Unknown"
"ASV_162","Bacteria","Firmicutes","Clostridia","Clostridiales","Lachnospiraceae","Coprococcus","Unknown"
"ASV_163","Bacteria","Firmicutes","Clostridia","Clostridiales","Unknown","Unknown","Unknown"
"ASV_164","Bacteria","Bacteroidetes","Bacteroidia","Bacteroidales","[Odoribacteraceae]","Odoribacter","Unknown"
"ASV_165","Bacteria","Firmicutes","Clostridia","Clostridiales","Unknown","Unknown","Unknown"
"ASV_166","Bacteria","Bacteroidetes","Bacteroidia","Bacteroidales","Rikenellaceae","Unknown","Unknown"
"ASV_167","Bacteria","Proteobacteria","Alphaproteobacteria","Rhizobiales","Bartonellaceae","Unknown","Unknown"
"ASV_168","Bacteria","Firmicutes","Clostridia","Clostridiales","Unknown","Unknown","Unknown"
"ASV_169","Bacteria","Firmicutes","Clostridia","Clostridiales","Ruminococcaceae","Oscillospira","Unknown"
"ASV_170","Bacteria","Firmicutes","Clostridia","Clostridiales","Unknown","Unknown","Unknown"
"ASV_171","Bacteria","Firmicutes","Clostridia","Clostridiales","Ruminococcaceae","Unknown","Unknown"
"ASV_172","Bacteria","Bacteroidetes","Bacteroidia","Bacteroidales","Rikenellaceae","Alistipes","onderdonkii"
"ASV_173","Bacteria","Firmicutes","Clostridia","Clostridiales","Ruminococcaceae","Oscillospira","Unknown"
"ASV_174","Bacteria","Firmicutes","Clostridia","Clostridiales","Christensenellaceae","Christensenella","Unknown"
"ASV_175","Bacteria","Firmicutes","Bacilli","Bacillales","Bacillaceae","Unknown","Unknown"
"ASV_176","Bacteria","Firmicutes","Clostridia","Clostridiales","Ruminococcaceae","Anaerotruncus","Unknown"
"ASV_177","Bacteria","Verrucomicrobia","[Spartobacteria]","[Chthoniobacterales]","[Chthoniobacteraceae]","Chthoniobacter","Unknown"
"ASV_178","Bacteria","Firmicutes","Clostridia","Clostridiales","Unknown","Unknown","Unknown"
"ASV_179","Bacteria","Firmicutes","Clostridia","Clostridiales","Lachnospiraceae","Unknown","Unknown"
"ASV_180","Bacteria","Firmicutes","Clostridia","Clostridiales","Ruminococcaceae","Oscillospira","Unknown"
"ASV_181","Bacteria","Bacteroidetes","Bacteroidia","Bacteroidales","[Odoribacteraceae]","Butyricimonas","Unknown"
"ASV_182","Bacteria","Firmicutes","Clostridia","Clostridiales","Ruminococcaceae","Oscillospira","Unknown"
"ASV_183","Bacteria","Firmicutes","Clostridia","Clostridiales","Ruminococcaceae","Unknown","Unknown"
"ASV_184","Bacteria","Firmicutes","Clostridia","Clostridiales","Ruminococcaceae","Ruminococcus","Unknown"
"ASV_185","Bacteria","Proteobacteria","Betaproteobacteria","Burkholderiales","Comamonadaceae","Comamonas","Unknown"
"ASV_186","Bacteria","Firmicutes","Clostridia","Clostridiales","[Mogibacteriaceae]","Unknown","Unknown"
"ASV_187","Bacteria","Firmicutes","Clostridia","Clostridiales","Peptococcaceae","Unknown","Unknown"
"ASV_188","Bacteria","Firmicutes","Clostridia","Clostridiales","Lachnospiraceae","Unknown","Unknown"
"ASV_189","Bacteria","Firmicutes","Clostridia","Clostridiales","Lachnospiraceae","Anaerostipes","Unknown"
"ASV_190","Bacteria","Firmicutes","Clostridia","Clostridiales","Unknown","Unknown","Unknown"
"ASV_191","Bacteria","Bacteroidetes","Bacteroidia","Bacteroidales","Bacteroidaceae","Bacteroides","Unknown"
"ASV_192","Bacteria","Bacteroidetes","Bacteroidia","Bacteroidales","[Odoribacteraceae]","Butyricimonas","Unknown"
"ASV_193","Bacteria","Proteobacteria","Alphaproteobacteria","RF32","Unknown","Unknown","Unknown"
"ASV_194","Bacteria","Bacteroidetes","Bacteroidia","Bacteroidales","Bacteroidaceae","Bacteroides","Unknown"
"ASV_195","Bacteria","Firmicutes","Clostridia","Clostridiales","Lachnospiraceae","[Ruminococcus]","gnavus"
"ASV_196","Bacteria","Firmicutes","Clostridia","Clostridiales","Lachnospiraceae","Clostridium","Unknown"
"ASV_197","Bacteria","Firmicutes","Clostridia","Clostridiales","Lachnospiraceae","Coprococcus","Unknown"
"ASV_198","Bacteria","Firmicutes","Clostridia","Clostridiales","Unknown","Unknown","Unknown"
"ASV_199","Bacteria","Bacteroidetes","Bacteroidia","Bacteroidales","Rikenellaceae","Unknown","Unknown"
"ASV_200","Bacteria","Proteobacteria","Gammaproteobacteria","Pseudomonadales","Pseudomonadaceae","Pseudomonas","Unknown"
"ASV_201","Bacteria","Proteobacteria","Gammaproteobacteria","Pseudomonadales","Moraxellaceae","Psychrobacter","sanguinis"
"ASV_202","Bacteria","Firmicutes","Erysipelotrichi","Erysipelotrichales","Erysipelotrichaceae","[Eubacterium]","Unknown"
"ASV_203","Bacteria","Firmicutes","Clostridia","Clostridiales","Lachnospiraceae","Blautia","Unknown"
"ASV_204","Bacteria","Actinobacteria","Coriobacteriia","Coriobacteriales","Coriobacteriaceae","Collinsella","Unknown"
"ASV_205","Bacteria","Firmicutes","Clostridia","Clostridiales","Eubacteriaceae","Anaerofustis","Unknown"
"ASV_206","Bacteria","Actinobacteria","Coriobacteriia","Coriobacteriales","Coriobacteriaceae","Adlercreutzia","Unknown"
"ASV_207","Bacteria","Firmicutes","Clostridia","Clostridiales","[Mogibacteriaceae]","Unknown","Unknown"
"ASV_208","Bacteria","Bacteroidetes","Bacteroidia","Bacteroidales","Bacteroidaceae","Bacteroides","Unknown"
"ASV_209","Bacteria","Firmicutes","Clostridia","Clostridiales","Lachnospiraceae","Unknown","Unknown"
"ASV_210","Bacteria","Firmicutes","Clostridia","Clostridiales","Ruminococcaceae","Oscillospira","Unknown"
"ASV_211","Bacteria","Bacteroidetes","Bacteroidia","Bacteroidales","S24-7","Unknown","Unknown"
"ASV_212","Bacteria","Actinobacteria","Actinobacteria","Actinomycetales","Corynebacteriaceae","Corynebacterium","Unknown"
"ASV_213","Bacteria","Tenericutes","Mollicutes","Entomoplasmatales","Unknown","Unknown","Unknown"
"ASV_214","Bacteria","Firmicutes","Clostridia","Clostridiales","[Mogibacteriaceae]","Unknown","Unknown"
"ASV_215","Bacteria","Firmicutes","Clostridia","Clostridiales","Eubacteriaceae","Pseudoramibacter_Eubacterium","Unknown"
"ASV_216","Bacteria","Firmicutes","Clostridia","Clostridiales","Unknown","Unknown","Unknown"
"ASV_217","Bacteria","Firmicutes","Clostridia","Clostridiales","Christensenellaceae","Christensenella","Unknown"
"ASV_218","Bacteria","Firmicutes","Clostridia","Clostridiales","Ruminococcaceae","Ruminococcus","bromii"
"ASV_219","Bacteria","Firmicutes","Clostridia","Clostridiales","Unknown","Unknown","Unknown"
"ASV_220","Bacteria","Firmicutes","Clostridia","Clostridiales","Lachnospiraceae","Coprococcus","Unknown"
"ASV_221","Bacteria","Firmicutes","Clostridia","Clostridiales","Lachnospiraceae","Unknown","Unknown"
"ASV_222","Bacteria","Firmicutes","Clostridia","Clostridiales","Unknown","Unknown","Unknown"
"ASV_223","Bacteria","Actinobacteria","Actinobacteria","Bifidobacteriales","Bifidobacteriaceae","Bifidobacterium","Unknown"
"ASV_224","Bacteria","Proteobacteria","Alphaproteobacteria","Rhizobiales","Hyphomicrobiaceae","Pedomicrobium","australicum"
"ASV_225","Bacteria","Firmicutes","Clostridia","Clostridiales","Lachnospiraceae","Blautia","Unknown"
"ASV_226","Bacteria","Firmicutes","Clostridia","Clostridiales","Veillonellaceae","Dialister","Unknown"
"ASV_227","Bacteria","Bacteroidetes","Bacteroidia","Bacteroidales","Prevotellaceae","Prevotella","copri"
"ASV_228","Bacteria","Firmicutes","Erysipelotrichi","Erysipelotrichales","Erysipelotrichaceae","[Eubacterium]","dolichum"
"ASV_229","Bacteria","Firmicutes","Clostridia","Clostridiales","Ruminococcaceae","Unknown","Unknown"
"ASV_230","Bacteria","Firmicutes","Clostridia","Clostridiales","Lachnospiraceae","Unknown","Unknown"
"ASV_231","Bacteria","Unknown","Unknown","Unknown","Unknown","Unknown","Unknown"
"ASV_232","Bacteria","Firmicutes","Clostridia","Clostridiales","Ruminococcaceae","Unknown","Unknown"
"ASV_233","Bacteria","Firmicutes","Clostridia","Clostridiales","Christensenellaceae","Unknown","Unknown"
"ASV_234","Bacteria","Firmicutes","Clostridia","Clostridiales","Unknown","Unknown","Unknown"
"ASV_235","Bacteria","Firmicutes","Clostridia","Clostridiales","Unknown","Unknown","Unknown"
"ASV_236","Bacteria","Firmicutes","Clostridia","Clostridiales","Lachnospiraceae","Unknown","Unknown"
"ASV_237","Bacteria","Firmicutes","Clostridia","Clostridiales","Veillonellaceae","Veillonella","dispar"
"ASV_238","Bacteria","Firmicutes","Bacilli","Lactobacillales","Lactobacillaceae","Lactobacillus","Unknown"
"ASV_239","Bacteria","Firmicutes","Clostridia","Clostridiales","Ruminococcaceae","Unknown","Unknown"
"ASV_240","Bacteria","Firmicutes","Erysipelotrichi","Erysipelotrichales","Erysipelotrichaceae","Holdemania","Unknown"
"ASV_241","Bacteria","Firmicutes","Clostridia","Clostridiales","Eubacteriaceae","Pseudoramibacter_Eubacterium","Unknown"
"ASV_242","Bacteria","Firmicutes","Clostridia","Clostridiales","Christensenellaceae","Christensenella","Unknown"
"ASV_243","Bacteria","Firmicutes","Clostridia","Clostridiales","Unknown","Unknown","Unknown"
"ASV_244","Bacteria","Firmicutes","Clostridia","Clostridiales","Ruminococcaceae","Unknown","Unknown"
"ASV_245","Bacteria","Unknown","Unknown","Unknown","Unknown","Unknown","Unknown"
"ASV_246","Bacteria","Actinobacteria","Coriobacteriia","Coriobacteriales","Coriobacteriaceae","Unknown","Unknown"
"ASV_247","Bacteria","Firmicutes","Clostridia","Clostridiales","Ruminococcaceae","Unknown","Unknown"
"ASV_248","Bacteria","Unknown","Unknown","Unknown","Unknown","Unknown","Unknown"
"ASV_249","Bacteria","Actinobacteria","Coriobacteriia","Coriobacteriales","Coriobacteriaceae","Adlercreutzia","Unknown"
"ASV_250","Bacteria","Firmicutes","Bacilli","Lactobacillales","Lactobacillaceae","Lactobacillus","salivarius"
"ASV_251","Bacteria","Firmicutes","Clostridia","Clostridiales","Lachnospiraceae","Unknown","Unknown"
"ASV_252","Bacteria","Firmicutes","Clostridia","Clostridiales","Ruminococcaceae","Ruminococcus","Unknown"
"ASV_253","Bacteria","Firmicutes","Clostridia","Clostridiales","Ruminococcaceae","Unknown","Unknown"
"ASV_254","Bacteria","Firmicutes","Bacilli","Bacillales","Staphylococcaceae","Staphylococcus","Unknown"
"ASV_255","Bacteria","Bacteroidetes","Bacteroidia","Bacteroidales","Rikenellaceae","Alistipes","Unknown"
"ASV_256","Bacteria","Firmicutes","Clostridia","Clostridiales","Ruminococcaceae","Unknown","Unknown"
"ASV_257","Bacteria","Firmicutes","Clostridia","Clostridiales","Christensenellaceae","Unknown","Unknown"
"ASV_258","Bacteria","Firmicutes","Clostridia","Clostridiales","Christensenellaceae","Christensenella","Unknown"
"ASV_259","Bacteria","Unknown","Unknown","Unknown","Unknown","Unknown","Unknown"
"ASV_260","Bacteria","Firmicutes","Unknown","Unknown","Unknown","Unknown","Unknown"
"ASV_261","Bacteria","Unknown","Unknown","Unknown","Unknown","Unknown","Unknown"
"ASV_262","Bacteria","Firmicutes","Clostridia","Clostridiales","Christensenellaceae","Unknown","Unknown"
"ASV_263","Bacteria","Bacteroidetes","Bacteroidia","Bacteroidales","Prevotellaceae","Prevotella","copri"
"ASV_264","Bacteria","Unknown","Unknown","Unknown","Unknown","Unknown","Unknown"
"ASV_265","Bacteria","Unknown","Unknown","Unknown","Unknown","Unknown","Unknown"
"ASV_266","Bacteria","Proteobacteria","Gammaproteobacteria","Pseudomonadales","Pseudomonadaceae","Unknown","Unknown"
"ASV_267","Bacteria","Unknown","Unknown","Unknown","Unknown","Unknown","Unknown"
"ASV_268","Bacteria","Firmicutes","Unknown","Unknown","Unknown","Unknown","Unknown"
"ASV_269","Bacteria","Unknown","Unknown","Unknown","Unknown","Unknown","Unknown"
"ASV_270","Bacteria","Unknown","Unknown","Unknown","Unknown","Unknown","Unknown"
"ASV_271","Bacteria","Unknown","Unknown","Unknown","Unknown","Unknown","Unknown"
"ASV_272","Bacteria","Unknown","Unknown","Unknown","Unknown","Unknown","Unknown"
"ASV_273","Bacteria","Unknown","Unknown","Unknown","Unknown","Unknown","Unknown"
"ASV_274","Bacteria","Bacteroidetes","Bacteroidia","Bacteroidales","Rikenellaceae","Alistipes","Unknown"
"ASV_275","Bacteria","Unknown","Unknown","Unknown","Unknown","Unknown","Unknown"
"ASV_276","Bacteria","Actinobacteria","Actinobacteria","Actinomycetales","Propionibacteriaceae","Propionibacterium","acnes"
"ASV_277","Bacteria","Unknown","Unknown","Unknown","Unknown","Unknown","Unknown"
"ASV_278","Bacteria","Unknown","Unknown","Unknown","Unknown","Unknown","Unknown"
"ASV_279","Bacteria","Firmicutes","Clostridia","Clostridiales","Unknown","Unknown","Unknown"
"ASV_280","Bacteria","Firmicutes","Erysipelotrichi","Erysipelotrichales","Erysipelotrichaceae","Holdemania","Unknown"
"ASV_281","Bacteria","Actinobacteria","Actinobacteria","Actinomycetales","Dermabacteraceae","Brachybacterium","Unknown"
"ASV_282","Bacteria","Actinobacteria","Coriobacteriia","Coriobacteriales","Coriobacteriaceae","Unknown","Unknown"
"ASV_283","Bacteria","Firmicutes","Clostridia","Clostridiales","Unknown","Unknown","Unknown"
"ASV_284","Bacteria","Firmicutes","Clostridia","Clostridiales","Ruminococcaceae","Unknown","Unknown"
"ASV_285","Bacteria","Firmicutes","Bacilli","Turicibacterales","Turicibacteraceae","Turicibacter","Unknown"
"ASV_286","Bacteria","Firmicutes","Clostridia","Clostridiales","Ruminococcaceae","Unknown","Unknown"
"ASV_287","Bacteria","Firmicutes","Clostridia","Clostridiales","Eubacteriaceae","Anaerofustis","Unknown"
